Link,Channle Name
https://www.youtube.com/user/AddDelta,AddDelta
https://www.youtube.com/user/allamo2003,Ahmed Allam
https://www.youtube.com/channel/UC_TWGuu0nCqwu3CiMwxlXDA,Ahmed ibrahim
https://www.youtube.com/channel/UCfimgqx1TcWuLkgcrm2Rkdw,Al Sheikh Maher Bin Hamad Al Muaiqly | الشيخ ماهر بن حمد المعيقلي
https://www.youtube.com/channel/UCRoJrkDoaIDO5NMidIHm3zQ,Alaa Elol_علاء اللول
https://www.youtube.com/channel/UCFjVPBme5whfkUudVbqVrKA,Ameer OverView
https://www.youtube.com/channel/UC_Ha9nQ6EJKKPkkRJoIsnUQ,Amir Eskander - أمير اسكندر
https://www.youtube.com/channel/UCiBvuoKHWkW62kM0H5OakRA,Baby Dolls & Little Girls
https://www.youtube.com/channel/UCd2fyPwXSIUN6pZxQTo3cvA,Chawki Jr
https://www.youtube.com/channel/UCKcQ7Jo2VAGHiPMfDwzeRUw,ChuChuTV Surprise Eggs Learning Videos
https://www.youtube.com/user/checkgate,Cocomelon - Nursery Rhymes
https://www.youtube.com/user/koreazombie,CoCosToy 꼬꼬스토이
https://www.youtube.com/channel/UCveX_0uBOHVHbpV838OGXVA,Codezilla
https://www.youtube.com/channel/UCwlNAJ521msdeNMyPSv4SiA,College Math
https://www.youtube.com/channel/UCKJNzy_GuvX3SAg3ipaGa8A,Data Science Courses
https://www.youtube.com/user/DisneyChannelZA,Disney Channel Africa
https://www.youtube.com/channel/UCQa4Ucc6EsYIYkKZCWcPrKw,DR-Hossam Al-ansary
https://www.youtube.com/channel/UC-Mw-OFxXLlxMTIww0K86Og,Dr. Hayder Naser Kh
https://www.youtube.com/channel/UCKirE_9bWv_HgaUxwFKEwbw,Dr. Nada Fahim تربية الاطفال علم وفن
https://www.youtube.com/user/DreamEnglishKids,Dream English Kids
https://www.youtube.com/user/iugaza1,eLearning Centre - IUG - Video Lectures 
https://www.youtube.com/user/OsamaElzero,Elzero Web School
https://www.youtube.com/channel/UC-0D1RlSzcvBoODCKSoLl2g,Emily Tube
https://www.youtube.com/user/FoxNewsChannel,Fox News
https://www.youtube.com/user/Nourelhoda2011,Free4arab | Information Technology
https://www.youtube.com/channel/UCRhnFs8puumQLDLUFlaCoLQ,Funny Animals Doodles
https://www.youtube.com/channel/UC7nR1t2Vr1IGJF0WeKlgSow,Graham Pipes
https://www.youtube.com/channel/UCAZ1895CQVHluNGPar33-fA,H5M
https://www.youtube.com/channel/UCSA-sEjbMu6BFXbUtBXXIew,hamza tarq
https://www.youtube.com/channel/UCquMFVZvpf8eczgNSnCgYlw,Happy Funny Kids Toys Pretend Play
https://www.youtube.com/channel/UC74SgWA5QZHMYOoFvCpoMSA,Hesham Haroon
https://www.youtube.com/channel/UCsDz-Q9684Wz0VqgzF1MjNA,Issam Shrayti
https://www.youtube.com/channel/UCdR6FP8F5wJT2DYYT2z69Ww,iTeam Academy
https://www.youtube.com/channel/UCKeKanAZfSYH0nzP3UGd_hQ,JunyTony - Songs and Stories
https://www.youtube.com/user/HusamYK,Katakit Baby TV
https://www.youtube.com/channel/UCMsPm8-25ygqRrRe9_s1WFw,LeoNata Family
https://www.youtube.com/channel/UCUXhPO1K3iq4oDEznkolk7A,Let's Animate
https://www.youtube.com/channel/UCJplp5SjeGSdVdwsfb9Q7lQ,Like Nastya
https://www.youtube.com/channel/UC5BZ8X3m8bAcdqeAq-xNiWA,Magnetic Ball
https://www.youtube.com/channel/UCMzeVlcRnjHVr4j6kAz0O8Q,Mai Gamal بتاعة انجليزي
https://www.youtube.com/channel/UCTbxI1Vq3HT8-vpZYGzdc1A,Mainan Favorit
https://www.youtube.com/user/monologmix,monolog - مونولوج
https://www.youtube.com/channel/UCOCLXisw46INr_6RCyPGpkw,Next Trend
https://www.youtube.com/channel/UCuNZojucARWcwVwSGcr74og,Nora Nassar
https://www.youtube.com/channel/UCBRc7gvcOp9YHI5e4OgeKKA,RinRinToy
https://www.youtube.com/channel/UC_c4psnFX-ZyCUXA_vlXpIQ,Santa Studio
https://www.youtube.com/channel/UC2RNg_QGZriSGQo6enPLpeQ,Super Crazy Kids
https://www.youtube.com/user/toypudding,ToypuddingTV
https://www.youtube.com/channel/UCZPFjMe1uRSirmSpznqvJfQ,Valerio Velardo - The Sound of AI
https://www.youtube.com/channel/UCvlE5gTbOvjiolFlEm-c_Ow,Vlad and Niki
https://www.youtube.com/channel/UCSNRhMeczKQe9ILiMZmyvFQ,Wolfoo and Friends - Official Channel
https://www.youtube.com/channel/UCWGVQIspqW2j9M3-qLQ0HDg,Wolfoo Channel
https://www.youtube.com/channel/UCoL0M9swO14BT8u9pTn9MvQ,Wolfoo Family
https://www.youtube.com/channel/UC2APZEYoua2LCs8HZIlHhLA,WWE & AEW FULL
https://www.youtube.com/channel/UCZHmQk67mSJgfCCTn7xBfew,Yannic Kilcher
https://www.youtube.com/channel/UCVtD5iA4rUuOK5cQrB_o4ow,Yoeslan
https://www.youtube.com/user/N3DSItalia,Zephiel810
https://www.youtube.com/channel/UCM0NfElgpJAfohDM_ufXIsA,الشيخ علي إسماعيل
https://www.youtube.com/channel/UCz-bNo17PCguw-2fC3QIfLA,القرآن الكريم
https://www.youtube.com/channel/UCDTn8jzxZAfyYB2KT0AZ7HA,الملاك الصغير - أغاني للأطفال Little Angel Arabic
https://www.youtube.com/channel/UC4Z-RcQmSCNS-GIZKv40TPQ,بانوراما فوود - PNC Food
https://www.youtube.com/channel/UCQxDygdJpI_S_u7YjrO1aMw,Come and learn
https://www.youtube.com/channel/UC8PVGslpXKILhtz5IFDinxA,رواد الحضارة
https://www.youtube.com/channel/UCTw_aVH3e0m6rEwWWKHXP9g,ستوريات كـره قـدم
https://www.youtube.com/user/DvdCartoon,سندباد - Sinbad
https://www.youtube.com/channel/UC-oE8_9evFOUQqx2qr2XyiA,عجائب جاد وإياد - Jad & Eyad Wonderland
https://www.youtube.com/channel/UCyUnkCOIbi-7MImxJcOu3Lg,فاطمة أبو حاتي - Fatma Abu Haty
https://www.youtube.com/channel/UC9oMhqqc-hNg3gRQkc9bhkw,Arabic Stories
https://www.youtube.com/user/jaffer1992,م.جعفر محمد الأغا
https://www.youtube.com/user/DesoukiEgypt,محمد الدسوقى
